Id,First Name,Last Name,Sex,Email,Age,Job Title
1,Shelby,Terrell,Male,elijah57@gmail.com,51,Games developer
2,Phillip,Summers,Female,bethany14@gmail.com,32,Phytotherapist
3,Kristine,Travis,Male,bthompson@gmail.com,36,Homeopath
4,Yesenia,Martinez,Male,kaitlinkaiser@gmail.com,21,Market researcher
5,Lori,Todd,Male,buchananmanuel@yahoo.com,55,Veterinary surgeon
6,Erin,Day,Male,tconner@gmail.com,55,Waste management officer
7,Katherine,Buck,Female,conniecowan@gmail.com,57,Intelligence analyst
8,Ricardo,Hinton,Male,wyattbishop@gmail.com,42,Hydrogeologist
9,Dave,Farrell,Male,nmccann@gmail.com,82,Lawyer
10,Isaiah,Downs,Male,virginiaterrell@gmail.com,23,"Engineer, site"
11,Sheila,Ross,Female,huangcathy@gmail.com,24,Advertising account executive
12,Stacy,Newton,Male,rayleroy@yahoo.com,36,Warden/ranger
13,Mandy,Blake,Male,jefferynoble@aol.com,45,"Scientist, clinical (histocompatibility and immunogenetics)"
14,Bridget,Nash,Female,mercedes44@gmail.com,35,Social worker
15,Crystal,Farmer,Male,pmiranda@yahoo.com,56,Agricultural consultant
16,Thomas,Knight,Female,braunpriscilla@gmail.com,56,Sport and exercise psychologist
17,Maurice,Rangel,Male,sheenabanks@icloud.com,23,Secretary/administrator
18,Frank,Meadows,Male,gbrewer@outlook.com,34,Audiological scientist
19,Alvin,Paul,Male,gilbertdonaldson@aol.com,42,"Teacher, adult education"
20,Jared,Mitchell,Female,jcortez@gmail.com,43,Paediatric nurse
21,Jacqueline,Norton,Female,carias@gmail.com,21,"Scientist, marine"
22,Colleen,Hatfield,Female,fknox@gmail.com,27,Commercial horticulturist
23,Randy,Barnes,Male,huangbill@gmail.com,26,Outdoor activities/education manager
24,Janice,Rhodes,Female,juarezdominique@outlook.com,46,Drilling engineer
25,Alfred,Mcneil,Female,cassandramorris@yahoo.com,51,Systems analyst
26,Sean,Levine,Male,sallymiller@gmail.com,20,"Conservation officer, nature"
27,Louis,Payne,Male,bsullivan@yahoo.com,62,Counsellor
28,Brittney,Vega,Female,ayalajose@yahoo.com,24,Recycling officer
29,Judy,Buckley,Male,irosales@gmail.com,48,Art gallery manager
30,Norman,Weber,Male,mconrad@gmail.com,62,Gaffer
31,Isaiah,Camacho,Female,jimblake@gmail.com,34,Food technologist
32,Jacqueline,Gallagher,Male,nsampson@outlook.com,39,Building services engineer
33,Bonnie,Andrews,Female,caitlin24@icloud.com,49,Seismic interpreter
34,Brandon,Schmidt,Female,mconley@aol.com,42,"Engineer, biomedical"
35,Jackson,Sparks,Female,reynoldsdarryl@icloud.com,25,Set designer
36,Melody,Cook,Male,jeannovak@yahoo.com,49,Research scientist (life sciences)
37,Leonard,Hurst,Male,clinton78@gmail.com,69,"Accountant, chartered management"
38,Gene,Rich,Female,luisdeleon@gmail.com,32,"Surveyor, quantity"
39,Cynthia,Wiggins,Female,rosariodave@gmail.com,21,Outdoor activities/education manager
40,Tanya,Mckinney,Female,vickihouston@gmail.com,21,Information systems manager
41,Matthew,Stone,Female,evelyn31@aol.com,26,"Scientist, clinical (histocompatibility and immunogenetics)"
42,Kirk,Walsh,Female,stephenfuller@mail.com,45,Accounting technician
43,Willie,Vang,Female,haleymathews@gmail.com,23,Management consultant
44,Miguel,Hill,Female,tyrone56@gmail.com,62,Make
45,Darren,Andrews,Male,lhernandez@gmail.com,43,Retail banker
46,Haley,Pugh,Female,molly03@yahoo.com,35,Commissioning editor
47,Danielle,Estrada,Female,jvang@icloud.com,46,"Accountant, chartered management"
48,Becky,Brady,Male,erikmueller@yahoo.com,20,Seismic interpreter
49,Caitlyn,Frey,Male,rivasdominique@gmail.com,26,Jewellery designer
50,Joshua,Sweeney,Male,daisymcgee@yahoo.com,65,"Education officer, museum"
51,Heidi,Escobar,Female,staffordtravis@icloud.com,23,Estate manager/land agent
52,Brian,Oconnell,Female,saralong@gmail.com,21,Physiotherapist
53,Beverly,Esparza,Female,iphelps@gmail.com,25,Passenger transport manager
54,Nathaniel,Rivas,Female,roberto29@gmail.com,21,Call centre manager
55,Debra,Payne,Female,yolanda07@gmail.com,26,Special educational needs teacher
56,Mackenzie,Rocha,Female,abbottyvette@gmail.com,32,Museum/gallery exhibitions officer
57,Courtney,Watkins,Female,ochang@aol.com,35,Pension scheme manager
58,Fred,Olsen,Female,amyanderson@gmail.com,42,Archaeologist
59,Ryan,Nelson,Female,qnorman@gmail.com,29,Historic buildings inspector/conservation officer
60,Grace,Phelps,Male,clarkeangela@outlook.com,23,Petroleum engineer
61,Shari,Daugherty,Male,kalvarado@outlook.com,24,Curator
62,Kelli,Garner,Male,jodyvincent@aol.com,43,Retail banker
63,Jackie,Bennett,Male,hutchinsonkirk@gmail.com,26,Neurosurgeon
64,Leslie,Conway,Female,floreschristina@gmail.com,28,Chiropractor
65,Harold,Barnett,Female,nathan65@gmail.com,31,"Biochemist, clinical"
66,Larry,Harper,Male,maria32@gmail.com,35,"Scientist, water quality"
67,Mike,Ward,Female,imccullough@gmail.com,36,Hydrologist
68,Brittney,Rubio,Female,corey92@yahoo.com,42,"Biochemist, clinical"
69,Frank,Pineda,Male,daltoncalvin@yahoo.com,58,Hospital pharmacist
70,Sandra,Wu,Male,ubanks@gmail.com,27,Warehouse manager
71,Ryan,Benton,Male,lopezdebbie@outlook.com,26,Physiological scientist
72,Tamara,Hull,Male,meagan39@icloud.com,31,English as a second language teacher
73,Jean,Ritter,Female,kristina76@gmail.com,46,Financial trader
74,Veronica,Briggs,Female,weissbridget@gmail.com,48,Structural engineer
75,Kim,Andrews,Female,wpetersen@gmail.com,52,"Biochemist, clinical"
76,Tina,Cunningham,Male,wongmary@gmail.com,32,Race relations officer
77,Jonathon,Atkinson,Male,gailfrench@aol.com,56,"Psychologist, forensic"
78,Jermaine,Reid,Female,vpaul@aol.com,32,Newspaper journalist
79,Regina,Stevens,Male,xpoole@outlook.com,46,Public house manager
80,Terrence,Huff,Male,cassandra80@gmail.com,56,Careers information officer
81,Tyler,Foley,Female,johnathan72@icloud.com,62,Economist
82,Andrew,Waters,Male,nhall@yahoo.com,34,Jewellery designer
83,Reginald,Stephenson,Male,erikaball@yahoo.com,24,Contracting civil engineer
84,Douglas,Reese,Female,nixonvanessa@yahoo.com,68,Higher education lecturer
85,Helen,Williamson,Female,melvin08@icloud.com,53,"Lecturer, further education"
86,Mario,Vaughn,Male,oblake@gmail.com,42,Research scientist (life sciences)
87,Chelsea,Dickson,Male,johnnyhendricks@gmail.com,26,"Teacher, early years/pre"
88,Dustin,Bailey,Male,pbarron@gmail.com,21,Travel agency manager
89,Harry,Medina,Female,olsenmalik@icloud.com,24,Technical sales engineer
90,Kathy,Haney,Female,teresa37@yahoo.com,23,Charity fundraiser
91,Alison,Nixon,Female,zmiles@icloud.com,61,Patent attorney
92,Jamie,Hardy,Female,sheenadouglas@aol.com,23,"Conservator, furniture"
93,Melody,Cox,Female,evan90@yahoo.com,34,Dance movement psychotherapist
94,Xavier,Cole,Male,nicolas90@icloud.com,46,Financial planner
95,Dillon,Guzman,Female,angelanavarro@gmail.com,48,Air broker
96,Dennis,Barnes,Female,bmartin@gmail.com,53,Software engineer
97,Steve,Patterson,Female,latasha46@yahoo.com,20,Barrister
98,Wesley,Bray,Male,regina11@icloud.com,25,Police officer
99,Summer,Oconnell,Female,alexiscantrell@gmail.com,65,Broadcast journalist
100,Mariah,Bernard,Male,pcopeland@gmail.com,42,IT sales professional
